{"count": 29, "results": [{"id": 1, "name": "pcap 1", "description": "We sniffed some network traffic. Analyze the pcap file and find the cleartext password we were able to capture in doing this. Enter the password as the flag.", "max_attempts": 0, "value": 10, "category": "Traffic Analysis", "type": "standard", "state": "visible", "requirements": null}, {"id": 2, "name": "pcap 2", "description": "This pcap file is traffic captured during a port scan with a tool called nmap. What is the source IP address of the host that is conducting the scan? Submit that IP address as the flag.", "max_attempts": 0, "value": 10, "category": "Traffic Analysis", "type": "standard", "state": "visible", "requirements": null}, {"id": 3, "name": "pcap 4", "description": "What is the payload of the successful web application attack captured in the pcap file?", "max_attempts": 0, "value": 20, "category": "Traffic Analysis", "type": "standard", "state": "visible", "requirements": null}, {"id": 4, "name": "pcap 3", "description": "We captured the network traffic of a file transfer. Find that file and the flag will be located inside of it.", "max_attempts": 0, "value": 10, "category": "Traffic Analysis", "type": "standard", "state": "visible", "requirements": null}, {"id": 5, "name": "Its all in the Header", "description": "Download the attachment and find the flag (once solved, the word you see will be the flag).", "max_attempts": 0, "value": 25, "category": "Forensics", "type": "standard", "state": "visible", "requirements": null}, {"id": 6, "name": "Trivia 1", "description": "What port does the finger protocol use?", "max_attempts": 0, "value": 3, "category": "Quiz lvl 1", "type": "standard", "state": "visible", "requirements": null}, {"id": 7, "name": "Trivia 2", "description": "What is the max size of an HTTP version 4 packet header in bytes? Submit just the number (no 'bytes' at the end).", "max_attempts": 0, "value": 3, "category": "Quiz lvl 1", "type": "standard", "state": "visible", "requirements": null}, {"id": 8, "name": "Trivia 3", "description": "What port does Windows Remote Manager run on by default?", "max_attempts": 0, "value": 3, "category": "Quiz lvl 1", "type": "standard", "state": "visible", "requirements": null}, {"id": 9, "name": "Trivia 4", "description": "This insecure protocol typically communicates on TCP port 23.", "max_attempts": 0, "value": 3, "category": "Quiz lvl 1", "type": "standard", "state": "visible", "requirements": null}, {"id": 10, "name": "Trivia 5", "description": "In 1995 this hacker was arrested and put into isolation because the judge believed he could start a nuclear war by whistling into a pay phone.", "max_attempts": 0, "value": 3, "category": "Quiz lvl 1", "type": "standard", "state": "visible", "requirements": null}, {"id": 11, "name": "Trivia 6", "description": "What is my broadcast address? 172.16.42.122/25", "max_attempts": 0, "value": 5, "category": "Quiz lvl 2", "type": "standard", "state": "visible", "requirements": null}, {"id": 12, "name": "Trivia 7", "description": "What algorithm produces a 160 bit hash?", "max_attempts": 0, "value": 5, "category": "Quiz lvl 2", "type": "standard", "state": "visible", "requirements": null}, {"id": 13, "name": "Trivia 8", "description": "What is the name of the cyber weapon believed to have been jointly developed by Israel and the United States to target PLC controllers in Iran?", "max_attempts": 0, "value": 5, "category": "Quiz lvl 2", "type": "standard", "state": "visible", "requirements": null}, {"id": 14, "name": "Trivia 9", "description": "When a router is blocking ICMP, what reply codes would you receive on your console? (Just the code #)", "max_attempts": 0, "value": 5, "category": "Quiz lvl 2", "type": "standard", "state": "visible", "requirements": null}, {"id": 15, "name": "Trivia 10", "description": "A vulnerability by this name was found in OpenSSL that could lead to stealing of secret keys and credentials by leaking memory of the impacted server.", "max_attempts": 0, "value": 5, "category": "Quiz lvl 2", "type": "standard", "state": "visible", "requirements": null}, {"id": 16, "name": "Trivia 11", "description": "What process does mimikatz target on a victim windows machine to extract passwords? (Include extension)", "max_attempts": 0, "value": 8, "category": "Quiz lvl 3", "type": "standard", "state": "visible", "requirements": null}, {"id": 17, "name": "Trivia 12", "description": "This type of encryption uses a different key to decrypt the data then what was used to encrypt it.", "max_attempts": 0, "value": 8, "category": "Quiz lvl 3", "type": "standard", "state": "visible", "requirements": null}, {"id": 18, "name": "Trivia 13", "description": "At opt-in security enhancement specified by the web server by using a response header. Instructs the browser to send all communications over HTTPS instead of HTTP.", "max_attempts": 0, "value": 8, "category": "Quiz lvl 3", "type": "standard", "state": "visible", "requirements": null}, {"id": 19, "name": "Trivia 14", "description": "What type of DNS record is this?\r\n\r\nv=spf1 ip4:1.1.1.0/24 ip4:2.2.2.0/24 mx include:_spf.foo.com ~all", "max_attempts": 0, "value": 8, "category": "Quiz lvl 3", "type": "standard", "state": "visible", "requirements": null}, {"id": 20, "name": "Trivia 15", "description": "What is the user name of the account who's password hash is needed to successfully pull off a Golden Ticket attack?", "max_attempts": 0, "value": 8, "category": "Quiz lvl 3", "type": "standard", "state": "visible", "requirements": null}, {"id": 21, "name": "Chocolate Chip", "description": "Visit http://52.86.229.19/challenge1/ to see this challenge. You need to figure out how to bypass the login screen to view the flag. You will most likely need to use Firefox to complete this challenge..", "max_attempts": 0, "value": 25, "category": "Interwebs", "type": "standard", "state": "visible", "requirements": null}, {"id": 22, "name": "L'Eggo my Stego", "description": "Visit http://52.86.229.19/challenge2 to view this challenge. You will need to figure out how to login to view the flag.", "max_attempts": 0, "value": 30, "category": "Interwebs", "type": "standard", "state": "visible", "requirements": null}, {"id": 23, "name": "Hacked o_O", "description": "We got hacked...here is a pcap of the attackers activity. What file did they grab from our server?", "max_attempts": 0, "value": 15, "category": "Forensics", "type": "standard", "state": "visible", "requirements": null}, {"id": 24, "name": "Passwords2", "description": "You hacked into a Windows workstation and dumped the passwords from its memory. What is jthingelstads password?", "max_attempts": 0, "value": 15, "category": "You Crack Me Up", "type": "standard", "state": "visible", "requirements": null}, {"id": 25, "name": "Anonymous", "description": "You will need to connect to 52.86.229.19 to view the flag for this challenge. I would use the protocol port 21 is commonly associated with..", "max_attempts": 0, "value": 15, "category": "File Transfer", "type": "standard", "state": "visible", "requirements": null}, {"id": 26, "name": "Passwords1", "description": "What is the flag?\r\n\r\n914d0a4ebc177889b5b89a23f556fd75\r\n4a2d2d114f3abf90f8bd127c1f25095a\r\na4704fd35f0308287f2937ba3eccf5fe\r\nc5836008c1649301e29351a55db8f65c\r\nd906c3cc42579baec20039673e02085b\r\n9b997d21495dbcdcb3a00095e4b6e1f5\r\n", "max_attempts": 0, "value": 10, "category": "You Crack Me Up", "type": "standard", "state": "visible", "requirements": null}, {"id": 27, "name": "Banner Grabbing", "description": "Find the flag hidden in the header/banner of the service on port 21 of 52.86.229.19", "max_attempts": 0, "value": 10, "category": "Misc.", "type": "standard", "state": "visible", "requirements": null}, {"id": 28, "name": "'gram it", "description": "What is the camera model this photo was taken with?", "max_attempts": 0, "value": 10, "category": "Forensics", "type": "standard", "state": "visible", "requirements": null}, {"id": 29, "name": "Catch me if you can", "description": "In what city was this photo taken?", "max_attempts": 0, "value": 15, "category": "Forensics", "type": "standard", "state": "visible", "requirements": null}], "meta": {}}