{"count": 30, "results": [{"id": 2, "type": "challenge", "location": "4ceb6931c24fd2ccf425cc780621839d/lvl2.pcap", "challenge_id": 2, "page_id": null}, {"id": 3, "type": "challenge", "location": "aff2fb0b6133fdfa802771e73d5d1be4/lvl3.pcap", "challenge_id": 3, "page_id": null}, {"id": 4, "type": "challenge", "location": "05cefbe2674ab72c4517ab99a87106ce/findme.pcapng", "challenge_id": 4, "page_id": null}, {"id": 5, "type": "standard", "location": "6ca7e74ae24b42991061ff28307f964e/stacked-blu-onblack2x.png", "challenge_id": null, "page_id": null}, {"id": 6, "type": "challenge", "location": "13f5f71ff193b64af1b356d87fef49af/lvl1.pcap", "challenge_id": 1, "page_id": null}, {"id": 7, "type": "page", "location": "6675eaed9042144e9abc8869fd669a00/login.css", "challenge_id": null, "page_id": null}, {"id": 8, "type": "page", "location": "cae7bbec89684a270191009049759c36/login2.js", "challenge_id": null, "page_id": null}, {"id": 9, "type": "page", "location": "817b58fc990beb6c5d9968e3fc4dff65/login1.js", "challenge_id": null, "page_id": null}, {"id": 10, "type": "page", "location": "e9686102b9fca506c51a02a71fcbd49b/giphy.gif", "challenge_id": null, "page_id": null}, {"id": 11, "type": "page", "location": "302fc431acd559bbcefb4b27c3fa4845/loginstyle.css", "challenge_id": null, "page_id": null}, {"id": 12, "type": "page", "location": "c95c73cc87a3b77b1a465fbb61597867/wallpaper-22705.jpg", "challenge_id": null, "page_id": null}, {"id": 13, "type": "page", "location": "71822f69b164fd1930810b03e35fd66f/success.php", "challenge_id": null, "page_id": null}, {"id": 14, "type": "page", "location": "c8114ddf2d1e753bdfcbca138a96dbbd/login.php", "challenge_id": null, "page_id": null}, {"id": 15, "type": "page", "location": "18a6bb9fa00bbd2e5a5b7cb453b5e91f/index.php", "challenge_id": null, "page_id": null}, {"id": 16, "type": "page", "location": "13fb46a9b689ef76989abd74aa5fe83d/login.css", "challenge_id": null, "page_id": null}, {"id": 17, "type": "page", "location": "4afb60250f74ed0f1305cf5be17c12d6/login2.js", "challenge_id": null, "page_id": null}, {"id": 18, "type": "page", "location": "7922ecae4404202d826ac669ff2134b7/login1.js", "challenge_id": null, "page_id": null}, {"id": 19, "type": "page", "location": "340678cfef42ff3f8f29bd8b0da5b40a/giphy.gif", "challenge_id": null, "page_id": null}, {"id": 20, "type": "page", "location": "d49f9204552a1b806d8a05c9d50c3bfd/loginstyle.css", "challenge_id": null, "page_id": null}, {"id": 21, "type": "page", "location": "6aef26775903dd58d7b257e9e018188d/wallpaper-22705.jpg", "challenge_id": null, "page_id": null}, {"id": 22, "type": "page", "location": "c3e5a946593dbdc0cf66c06f8cd933ee/success.php", "challenge_id": null, "page_id": null}, {"id": 23, "type": "page", "location": "e76c7dd7c407225ed6388fd52a0ce7da/login.php", "challenge_id": null, "page_id": null}, {"id": 24, "type": "page", "location": "dbeda24df6d3ece7110861a779c9ad4c/index.php", "challenge_id": null, "page_id": null}, {"id": 25, "type": "challenge", "location": "0182f00aed47d846c572d47d6a3f25d7/foo.txt", "challenge_id": 5, "page_id": null}, {"id": 26, "type": "challenge", "location": "f868f3a3b97f4dabe116ebd23ed1c899/hacked.pcap", "challenge_id": 23, "page_id": null}, {"id": 27, "type": "page", "location": "7537a4dbfd776ec83173cb2cc235b69b/stacked-blu-onblack2x.png", "challenge_id": null, "page_id": null}, {"id": 28, "type": "page", "location": "75c59478d4a1f5f5502c51acada3bca3/stacked-blu-onblack2x.png", "challenge_id": null, "page_id": null}, {"id": 29, "type": "challenge", "location": "a97552ae920449535ca416e6611cab58/pws.txt", "challenge_id": 24, "page_id": null}, {"id": 30, "type": "challenge", "location": "f515b5639a0f50e0c8c89f121c669aaa/CTF_pic_.JPG", "challenge_id": 28, "page_id": null}, {"id": 31, "type": "challenge", "location": "4f09512d0bbb819b3a131a0eb815f8be/picture.jpg", "challenge_id": 29, "page_id": null}], "meta": {}}