{"count": 29, "results": [{"id": 1, "challenge_id": 1, "type": "static", "content": "81349cranberry@#", "data": null}, {"id": 2, "challenge_id": 2, "type": "static", "content": "192.168.1.248", "data": null}, {"id": 3, "challenge_id": 3, "type": "static", "content": "%3CBODY+ONLOAD%3Dalert%28%27secMN%27%29%3E", "data": null}, {"id": 4, "challenge_id": 4, "type": "static", "content": "alphabet soup", "data": null}, {"id": 5, "challenge_id": 5, "type": "static", "content": "Minnesota", "data": "case_insensitive"}, {"id": 6, "challenge_id": 6, "type": "static", "content": "79", "data": "case_insensitive"}, {"id": 8, "challenge_id": 7, "type": "static", "content": "60", "data": "case_insensitive"}, {"id": 9, "challenge_id": 8, "type": "static", "content": "5985", "data": "case_insensitive"}, {"id": 10, "challenge_id": 9, "type": "static", "content": "Telnet", "data": "case_insensitive"}, {"id": 11, "challenge_id": 10, "type": "static", "content": "Kevin Mitnick", "data": "case_insensitive"}, {"id": 12, "challenge_id": 11, "type": "static", "content": "172.16.42.127", "data": "case_insensitive"}, {"id": 13, "challenge_id": 12, "type": "static", "content": "sha1", "data": "case_insensitive"}, {"id": 14, "challenge_id": 13, "type": "static", "content": "stuxnet", "data": "case_insensitive"}, {"id": 15, "challenge_id": 14, "type": "static", "content": "13", "data": "case_insensitive"}, {"id": 16, "challenge_id": 15, "type": "static", "content": "Heartbleed", "data": "case_insensitive"}, {"id": 17, "challenge_id": 16, "type": "static", "content": "lsass.exe", "data": "case_insensitive"}, {"id": 18, "challenge_id": 17, "type": "static", "content": "Asymmetric", "data": "case_insensitive"}, {"id": 19, "challenge_id": 18, "type": "static", "content": "hsts", "data": "case_insensitive"}, {"id": 20, "challenge_id": 19, "type": "static", "content": "txt", "data": "case_insensitive"}, {"id": 21, "challenge_id": 20, "type": "static", "content": "krbtgt", "data": "case_insensitive"}, {"id": 22, "challenge_id": 21, "type": "static", "content": "MaryPoppins", "data": "case_insensitive"}, {"id": 23, "challenge_id": 22, "type": "static", "content": "StormTrooper", "data": "case_insensitive"}, {"id": 24, "challenge_id": 23, "type": "static", "content": "passwd.txt", "data": "case_insensitive"}, {"id": 25, "challenge_id": 24, "type": "static", "content": "STARBOSS", "data": null}, {"id": 26, "challenge_id": 25, "type": "static", "content": "PeanutButter", "data": null}, {"id": 27, "challenge_id": 26, "type": "static", "content": "Rockstar", "data": null}, {"id": 28, "challenge_id": 27, "type": "static", "content": "Nickelback", "data": null}, {"id": 29, "challenge_id": 28, "type": "static", "content": "D3200", "data": null}, {"id": 30, "challenge_id": 29, "type": "static", "content": "Wyoming", "data": "case_insensitive"}], "meta": {}}