{"count": 2, "results": [{"id": 1, "title": "SPS Capture The Flag", "route": "index", "content": "<div class=\"row\">\r\n    <div class=\"col-md-6 offset-md-3\">\r\n    \t<h1 class=\"text-center\">\r\n        <br>\r\n        \t<p>Welcome to the SPS Commerce Cyber Security CTF!</p>\r\n        <img class=\"w-100 mx-auto d-block\" style=\"max-width: 500px;padding: 10px;padding-top: 2vh;\" src=\"/files/7537a4dbfd776ec83173cb2cc235b69b/stacked-blu-onblack2x.png\" />\r\n        <h3 class=\"text-center\">\r\n        \t<br>\r\n            <p>Please click <a href=\"register\">here</a> to create an account and start the CTF</p>\r\n        </h3>\r\n        <br>\r\n        <h4 class=\"text-center\">\r\n            \r\n        </h4>\r\n    </div>\r\n</div>", "draft": 0, "hidden": 0, "auth_required": 0}, {"id": 2, "title": "", "route": "login", "content": "<?php\r\nsetcookie('auth', 'false', time() + (86400 * 30), \"/\");\r\nsetcookie('session', 'SGFjayBhbGwgdGhlIHRoaW5ncyE=', time() + (86400 * 30), \"/\");\r\n?>\r\n<!DOCTYPE html>\r\n<html >\r\n  <head>\r\n    <meta charset=\"UTF-8\">\r\n    <title>Log-in</title>\r\n    \r\n    \r\n    \r\n    <link rel='stylesheet prefetch' href='./scripts/login.css'>\r\n\r\n        <link rel=\"stylesheet\" href=\"style/loginstyle.css\">\r\n\r\n    \r\n    \r\n    \r\n  </head>\r\n\r\n  <body>\r\n\r\n    <div class=\"login-card\">\r\n    <h1>Login</h1><br>\r\n  <form id=\"form\" name=\"form\" action=\"login.php\" method=\"post\">\r\n    <input type=\"text\" name=\"user\" placeholder=\"Username\">\r\n    <input type=\"password\" name=\"pass\" placeholder=\"Password\">\r\n    <input type=\"submit\" name=\"login\" class=\"login login-submit\" value=\"login\">\r\n  </form>\r\n    \r\n</div>\r\n\r\n<!-- <div id=\"error\"><img src=\"https://dl.dropboxusercontent.com/u/23299152/Delete-icon.png\" /> Your caps-lock is on.</div> -->\r\n    <script src='./scripts/login1.js'></script>\r\n<script src='./scripts/login2.js'></script>\r\n    \r\n    \r\n    \r\n    \r\n  </body>\r\n</html>", "draft": 1, "hidden": 1, "auth_required": 1}], "meta": {}}