id,challenge_id,type,content,data
1,1,static,81349cranberry@#,
2,2,static,192.168.1.248,
3,3,static,alphabet soup,
4,4,static,%3CBODY+ONLOAD%3Dalert%28%27secMN%27%29%3E,
5,5,static,Minnesota,
6,6,static,D3200,
7,7,static,Wyoming,
8,8,static,passwd.txt,
9,9,static,PeanutButter,
10,10,static,MaryPoppins,
11,11,static,StormTrooper,
12,12,static,Nickelback,
13,13,static,Rockstar,
14,14,static,STARBOSS,
15,15,static,79,
16,16,static,60,
17,17,static,5985,
18,18,static,Telnet,case_insensitive
19,19,static,Kevin Mitnick,
20,20,static,172.16.42.127,
21,21,static,sha1,
22,22,static,Stuxnet,case_insensitive
23,23,static,13,
24,24,static,Heartbleed,case_insensitive
25,25,static,lsass.exe,
26,26,static,Asymmetric,case_insensitive
27,27,static,hsts,case_insensitive
28,28,static,txt,case_insensitive
29,29,static,krbtgt,case_insensitive
