id,type,location
1,challenge,461141f8236aeecf0ec2618fe11cca9b/lvl1.pcap
2,challenge,baf3297025391f48198498adad67c620/lvl2.pcap
3,challenge,6ae1f5610ccb2e9552c768486486343a/findme.pcapng
4,challenge,76d03d4c26b0255b4b9b168912bbd9d9/lvl3.pcap
5,challenge,ba7917f02ca6d2d02ff88a9e1c78f69c/foo.txt
6,challenge,9c2f09301804450ceff553e4603439f0/CTF_pic_.JPG
7,challenge,ea8733b99eb4060b3827e0eb7bb044e2/picture.jpg
8,challenge,0f520e2011e132a386f09609807e825f/hacked.pcap
9,challenge,30021cd190d12bbf7e9482e2a23c8a01/pws.txt
