{"count": 15, "results": [{"id": 1, "type": "standard", "challenge_id": 1, "content": "FTP", "cost": 5, "requirements": null}, {"id": 2, "type": "standard", "challenge_id": 2, "content": "When one host wants to talk to another, it usually sends a specific packet which kicks off the TCP 3-way handshake.", "cost": 5, "requirements": null}, {"id": 3, "type": "standard", "challenge_id": 3, "content": "Look for XXS attempts.", "cost": 8, "requirements": null}, {"id": 4, "type": "standard", "challenge_id": 4, "content": "FTP file transfer. There are ways to extract files from wireshark", "cost": 5, "requirements": null}, {"id": 5, "type": "standard", "challenge_id": 5, "content": "The header might not be easily visible in its current form, but once you are able to see the header it should give away what type of file you are trying to get to.", "cost": 6, "requirements": null}, {"id": 6, "type": "standard", "challenge_id": 18, "content": "Published at the end of 2012 as RFC 6797", "cost": 2, "requirements": null}, {"id": 7, "type": "standard", "challenge_id": 19, "content": "SPF is not a type of DNS record", "cost": 2, "requirements": null}, {"id": 8, "type": "standard", "challenge_id": 21, "content": "Use a firefox plugin to view what 'hidden' values are set upon you visiting the page.", "cost": 8, "requirements": null}, {"id": 9, "type": "standard", "challenge_id": 22, "content": "Steganography", "cost": 8, "requirements": null}, {"id": 10, "type": "standard", "challenge_id": 23, "content": "What is a common file transfer protocol?", "cost": 5, "requirements": null}, {"id": 11, "type": "standard", "challenge_id": 24, "content": "There are online tools to assist in cracking the NTLM password.", "cost": 5, "requirements": null}, {"id": 12, "type": "standard", "challenge_id": 25, "content": "How would you connect to an anonymous ftp share?", "cost": 6, "requirements": null}, {"id": 13, "type": "standard", "challenge_id": 26, "content": "It's a list of hashes. Can you crack them?", "cost": 5, "requirements": null}, {"id": 14, "type": "standard", "challenge_id": 28, "content": "How can you view the metadata of this image?", "cost": 4, "requirements": null}, {"id": 15, "type": "standard", "challenge_id": 29, "content": "How can you view the hidden data of photographs?", "cost": 6, "requirements": null}], "meta": {}}