{"count": 16, "results": [{"id": 2, "challenge_id": 6, "user_id": 5, "team_id": null}, {"id": 4, "challenge_id": 7, "user_id": 5, "team_id": null}, {"id": 6, "challenge_id": 8, "user_id": 5, "team_id": null}, {"id": 7, "challenge_id": 9, "user_id": 5, "team_id": null}, {"id": 8, "challenge_id": 10, "user_id": 5, "team_id": null}, {"id": 9, "challenge_id": 11, "user_id": 5, "team_id": null}, {"id": 12, "challenge_id": 12, "user_id": 5, "team_id": null}, {"id": 13, "challenge_id": 13, "user_id": 5, "team_id": null}, {"id": 18, "challenge_id": 14, "user_id": 5, "team_id": null}, {"id": 19, "challenge_id": 15, "user_id": 5, "team_id": null}, {"id": 25, "challenge_id": 18, "user_id": 5, "team_id": null}, {"id": 34, "challenge_id": 20, "user_id": 5, "team_id": null}, {"id": 35, "challenge_id": 24, "user_id": 5, "team_id": null}, {"id": 36, "challenge_id": 26, "user_id": 5, "team_id": null}, {"id": 37, "challenge_id": 1, "user_id": 5, "team_id": null}, {"id": 44, "challenge_id": 28, "user_id": 5, "team_id": null}], "meta": {}}