{"count": 6, "results": [{"id": 1, "oauth_id": null, "name": "bristow26", "password": "$bcrypt-sha256$2b,12$XjtXiLn4Cv2XxbDFjOhMz.$aWmG1XkgvrQ75NdacCIEwScaUEbDbYW", "email": "beristow@spscommerce.com", "type": "admin", "secret": null, "website": null, "affiliation": null, "country": null, "bracket": null, "hidden": 1, "banned": 0, "verified": 0, "team_id": null, "created": "2019-08-22T17:57:33"}, {"id": 2, "oauth_id": null, "name": "beristow", "password": "$bcrypt-sha256$2b,12$oWwKvj5i2MXIkwCUaV2d6e$6JpDclcLl6w3ejPGF9rfnJ8VBVS9HJK", "email": "b.ristow@spscommerce.com", "type": "user", "secret": null, "website": null, "affiliation": null, "country": null, "bracket": null, "hidden": 1, "banned": 0, "verified": 0, "team_id": null, "created": "2019-10-03T20:16:51"}, {"id": 3, "oauth_id": null, "name": "shedakd", "password": "$bcrypt-sha256$2b,12$AgTeRjBfECQH4t4T.C272O$T9qOaMnEABL023Z5A/PeHBzo4dYcoIO", "email": "ddshell@spscommerce.com", "type": "user", "secret": null, "website": null, "affiliation": null, "country": null, "bracket": null, "hidden": 0, "banned": 0, "verified": 0, "team_id": null, "created": "2019-10-04T18:04:05"}, {"id": 4, "oauth_id": null, "name": "glee_af", "password": "$bcrypt-sha256$2b,12$ATzZf0AeOPs62dcKDYl2du$oURQ9TrcYW9qOBJ4lVxpy.j./Hwckii", "email": "glee@spscommerce.com", "type": "user", "secret": null, "website": null, "affiliation": null, "country": null, "bracket": null, "hidden": 0, "banned": 0, "verified": 0, "team_id": null, "created": "2019-10-04T18:38:44"}, {"id": 5, "oauth_id": null, "name": "pyadav", "password": "$bcrypt-sha256$2b,12$v8/gcXRQmW8LctOLawkkmO$Dz7.HeHJF590QeFlmWzy/0YBxbjYW0e", "email": "pyadav@spscommerce.com", "type": "user", "secret": null, "website": null, "affiliation": null, "country": null, "bracket": null, "hidden": 0, "banned": 0, "verified": 0, "team_id": null, "created": "2019-10-07T14:27:45"}, {"id": 6, "oauth_id": null, "name": "kinn0091", "password": "$bcrypt-sha256$2b,12$CVAuCIPwtt9y6qlQ3/ez.u$ed98qp/x1AJpmCDF7WtKN6GJht8Qg0K", "email": "hmhanscom@spscommerce.com", "type": "user", "secret": null, "website": null, "affiliation": null, "country": null, "bracket": null, "hidden": 0, "banned": 0, "verified": 0, "team_id": null, "created": "2019-10-07T15:04:29"}], "meta": {}}